,Timestamp,ID,articleCount,avgSentiment,stdSentiment,25quantileSentiment,50quantileSentiment,75quantileSentiment,maxSentiment,minSentiment
0,2018-05-01,Samsung,538,0.06654528839912656,0.22281104999630147,-0.03356999999999999,0.08415,0.21730500000000005,0.70496,-0.5282
1,2018-05-01,Tesla,185,0.08936611454311455,0.1808470171651405,-0.02007,0.08134999999999999,0.22828,0.47651000000000004,-0.4803100000000001
2,2018-05-01,Telefonica,47,-0.05333202127659575,0.277543088669324,-0.19658,0.0,0.053635,0.4584600000000001,-0.48923999999999995
3,2018-05-01,BASF,102,0.04446846405228757,0.3100820765293601,-0.20223,0.169125,0.27055999999999997,0.70577,-0.4785100000000001
4,2018-05-01,Bayer,3584,0.03205238428509428,0.1664441289467551,-0.043792500000000005,0.0,0.10573749999999996,0.9274,-0.75041
5,2018-05-01,Allianz,101,0.03873663366336635,0.2220544811314432,-0.19156,0.08064,0.21995,0.55697,-0.49744
6,2018-05-01,Apple,2021,0.0834542923902202,0.19966104852527736,-0.018269999999999998,0.05714,0.21282,0.7430666666666667,-0.7155
7,2018-05-01,Airbus,77,0.13643272727272732,0.19884208065325792,0.0,0.17937999999999998,0.2414,0.5592300000000001,-0.48197
8,2018-05-01,Google,1731,0.1164947116081166,0.19210823574203595,0.0,0.1088,0.23748000000000002,0.96615,-0.7964
9,2018-05-01,BMW,379,-0.01299998680738785,0.2245117980982201,-0.119315,0.0,0.050695,0.7439999999999999,-0.7944599999999999
10,2018-05-02,BASF,156,0.19001211233211235,0.2365791376051359,0.11993,0.2368,0.32337000000000005,0.6525,-0.63234
11,2018-05-02,Tesla,510,0.06893203750389043,0.17356478828639466,-0.07031499999999999,0.07262666666666667,0.2024858333333333,0.6457200000000001,-0.5029999999999999
12,2018-05-02,Google,1901,0.10641426296101468,0.19299328084970635,-0.0050875000000000035,0.06969,0.2481,0.9877,-0.55366
13,2018-05-02,Allianz,121,-0.052264793388429764,0.2646379067553097,-0.23023000000000002,-0.09485,0.09192,0.5821500000000002,-0.66297
14,2018-05-02,Airbus,250,0.05532746952380947,0.23070680706314345,-0.014179999999999988,0.030780000000000002,0.19538000000000005,0.6025600000000001,-0.57493
15,2018-05-02,Apple,3116,0.050277002783890336,0.21731717677838885,-0.05671583333333334,0.0298,0.20575,0.926,-0.8862666666666668
16,2018-05-02,Bayer,3035,0.0240291295075966,0.1664938805753093,-0.05574,0.0,0.10361928571428572,0.6846899999999999,-0.51246
17,2018-05-02,Telefonica,67,0.17337059701492533,0.247799325364605,0.0,0.0979,0.44782,0.49836,-0.2862
18,2018-05-02,Samsung,896,0.0813467171999008,0.20466133140937454,-0.0208125,0.06884,0.21171,0.9477,-0.5626800000000001
19,2018-05-02,BMW,500,-0.01335405269841271,0.2332976667076807,-0.189105,0.0,0.13449,0.9341,-0.6768000000000001
20,2018-05-03,Apple,2027,0.0756169261008135,0.20819789709316447,-0.013170000000000005,0.049400000000000006,0.217635,0.7717,-0.5975900000000001
21,2018-05-03,Google,2172,0.11391007063199755,0.18998150078346712,0.0,0.06990500000000002,0.245809375,0.7438600000000001,-0.5350666666666667
22,2018-05-03,Telefonica,93,0.027206434118450244,0.2497969853438626,-0.06563,0.03286,0.21520999999999998,0.6012299999999999,-0.7155
23,2018-05-03,BMW,542,-0.0028545051396942586,0.2255362861455841,-0.11941250000000002,0.0,0.1302,0.6056666666666666,-0.7155
24,2018-05-03,Tesla,916,0.01820865768177725,0.1598713132578809,-0.07952000000000001,0.0,0.12079,0.63083,-0.6866333333333333
25,2018-05-03,Bayer,1051,0.05112752121939797,0.18497861012534936,-0.035227499999999995,0.0,0.14164000000000002,0.6744125000000001,-0.6065699999999999
26,2018-05-03,BASF,217,0.14642036994367633,0.2107086569595487,0.01651000000000001,0.20038,0.2729111111111111,0.6622100000000001,-0.38286
27,2018-05-03,Samsung,874,0.11372173781373722,0.2036547202669381,0.0,0.10574125,0.24514,0.67499,-0.6023000000000001
28,2018-05-03,Airbus,248,-0.0469633906169995,0.24361616753831944,-0.26298000000000005,0.0,0.13609000000000002,0.5112700000000001,-0.5259600000000001
29,2018-05-03,Allianz,83,0.007554031841652306,0.30127285541202026,-0.26298,0.0,0.183455,0.6012299999999999,-0.5153300000000001
30,2018-05-04,BMW,774,-0.04184778582707865,0.2293014512964564,-0.23892250000000004,-0.018669999999999992,0.08782428571428573,0.8689,-0.51246
31,2018-05-04,Telefonica,86,-0.004100009228497618,0.21495227233740488,-0.10687000000000002,-0.021375,0.1347475,0.6222200000000001,-0.63234
32,2018-05-04,Allianz,250,-0.16390126825396822,0.2654959515452052,-0.37756,-0.23711,0.0,0.6502100000000002,-0.70516
33,2018-05-04,Bayer,650,-0.006251138583638607,0.2096254917858571,-0.11988,0.0,0.10663749999999997,0.6178600000000001,-0.56481
34,2018-05-04,Apple,2049,0.07037805950637943,0.21355265922492908,-0.026230000000000017,0.03966999999999999,0.21074,0.72887,-0.9917
35,2018-05-04,Google,1930,0.10184081968089473,0.17613678544923844,0.0,0.06897,0.2235075,0.8957,-0.6475500000000001
36,2018-05-04,Tesla,472,0.014566100433817612,0.16403286245869944,-0.09108,-0.011770000000000013,0.12355250000000002,0.7124,-0.38904
37,2018-05-04,BASF,351,-6.380059241171913e-05,0.2541835951480895,-0.18192000000000005,-0.0394,0.21988,0.61798,-0.6996333333333333
38,2018-05-04,Airbus,187,-0.03751463542992956,0.2593203651305414,-0.12883999999999998,0.0,0.09496666666666666,0.57048,-0.6423000000000001
39,2018-05-04,Samsung,551,0.08219148265779389,0.20679313985423306,-0.010144999999999998,0.04145999999999998,0.213785,0.72443,-0.63234
40,2018-05-05,Samsung,253,0.07473914941338852,0.19017617462636552,0.0,0.041666666666666664,0.1582375,0.9698,-0.4795200000000001
41,2018-05-05,Tesla,123,0.07137104110207766,0.15569652443385168,-0.015579999999999988,0.09607,0.16897,0.54814,-0.34
42,2018-05-05,Telefonica,2,0.120805,0.22017183845805527,0.04296250000000002,0.120805,0.1986475,0.27649,-0.034879999999999994
43,2018-05-05,BMW,138,-0.032690217966413616,0.2274958427012617,-0.099565,0.0,0.10824500000000002,0.5725899999999999,-0.6873099999999999
44,2018-05-05,Google,836,0.0618290838364851,0.17894129187804664,-0.0129725,0.017860000000000004,0.16433499999999998,0.7783,-0.624
45,2018-05-05,BASF,27,0.07381037037037037,0.2722926025645868,-0.139855,0.13532000000000002,0.28885,0.44496,-0.3910600000000001
46,2018-05-05,Bayer,668,-0.066181389423534,0.19564268587119601,-0.20304000000000005,-0.058329999999999986,0.03612,0.8689,-0.5259600000000001
47,2018-05-05,Allianz,45,-0.005778904761904776,0.2689113011927435,-0.21473000000000006,0.011719999999999998,0.16291428571428573,0.7097,-0.66074
48,2018-05-05,Apple,770,0.04509233245722534,0.22984436072968026,-0.03708625000000002,0.01715,0.19246250000000004,0.9698,-0.9981
49,2018-05-05,Airbus,2,-0.17347500000000002,0.3289531456757938,-0.2897775000000001,-0.17347500000000002,-0.057172500000000015,0.059129999999999995,-0.4060800000000001
50,2018-05-06,Apple,507,0.0959373217807834,0.20225329097965086,0.0,0.04553999999999999,0.2319050000000001,0.96615,-0.5848399999999999
51,2018-05-06,BMW,93,0.03006351766513057,0.17854284146001284,-0.01027,0.0,0.13072,0.39638,-0.4254
52,2018-05-06,Bayer,389,-0.0038302023911535475,0.2451506116858173,-0.20304000000000005,0.0,0.13335999999999998,0.6498,-0.54798
53,2018-05-06,Google,548,0.08530219383617205,0.1916234985731245,0.0,0.016080000000000004,0.22315,0.96615,-0.8316
54,2018-05-06,Tesla,147,0.15593253212396066,0.1609572569747635,0.054964999999999986,0.16124999999999998,0.233055,0.5819500000000001,-0.3362
55,2018-05-06,BASF,6,0.05206111111111112,0.2714253277190753,-0.035177500000000014,0.13382,0.2427325,0.28650000000000003,-0.4293
56,2018-05-06,Samsung,100,0.029729297222222218,0.16237878911208334,-0.056604999999999996,0.0,0.12193666666666668,0.5126200000000001,-0.3818
57,2018-05-06,Allianz,90,-0.06487057760141095,0.2469292223742741,-0.256365,-0.03899999999999999,0.0781675,0.5531,-0.5763100000000001
58,2018-05-06,Telefonica,14,0.008162857142857144,0.14444895922774253,-0.02735,0.0,0.040435000000000006,0.32215000000000005,-0.33112
59,2018-05-06,Airbus,123,0.006123847270615554,0.15468206044457472,-0.06566999999999999,-0.02444,0.034,0.7049857142857142,-0.32292000000000004
60,2018-05-07,Airbus,247,-0.06465925486793908,0.217825754996902,-0.2862,-0.02157,0.028426111111111117,0.54079,-0.5737800000000001
61,2018-05-07,Tesla,206,0.10384725150254276,0.14683919993986772,0.025915,0.10383,0.19379583333333333,0.52761,-0.4203333333333334
62,2018-05-07,Bayer,979,-0.0036498835060071225,0.21599576008808646,-0.1332,0.0,0.06644652777777776,0.6966,-0.72104
63,2018-05-07,Apple,1943,0.06702612816459592,0.21633455931790602,-0.016984999999999986,0.054279999999999995,0.19845875,0.9681,-0.998
64,2018-05-07,Google,1968,0.1280496135993354,0.19028685953269395,0.0,0.10459,0.24913500000000005,0.9681,-0.5428
65,2018-05-07,Samsung,381,0.10533392117651966,0.20870608628819995,0.0,0.1022,0.23775,0.6668999999999999,-0.5806
66,2018-05-07,Allianz,270,-0.16058924911816588,0.25894918623444874,-0.3910600000000001,-0.17982,0.0,0.5928800000000001,-0.5399
67,2018-05-07,Telefonica,86,0.03239268964562568,0.1778425813380494,-0.07962857142857142,0.045895,0.1176,0.4908,-0.34614
68,2018-05-07,BASF,156,0.12065572649572645,0.274524041974298,-0.06552250000000001,0.15134999999999998,0.2998725,0.7486,-0.4383000000000001
69,2018-05-07,BMW,398,0.002893036811039327,0.21403140431717424,-0.12028875000000006,0.0,0.13939,0.7097,-0.5275000000000001
70,2018-05-08,Samsung,641,0.09693486553747847,0.2310727787863664,0.0,0.08739999999999999,0.23971,0.9136,-0.9001
71,2018-05-08,Airbus,458,0.01851284137381296,0.20974016904542844,-0.07400000000000001,0.016030000000000003,0.14272321428571427,0.54399,-0.597
72,2018-05-08,Allianz,97,-0.06965618556701034,0.26060889725012004,-0.26335,-0.0592,0.04163000000000002,0.5513399999999999,-0.5130600000000001
73,2018-05-08,Google,3445,0.14963957835141795,0.1847356898578976,0.0,0.14245000000000002,0.2701444444444444,0.91615,-0.7269100000000001
74,2018-05-08,BASF,136,0.18251713235294115,0.24717283548595784,0.10626,0.207445,0.34675749999999994,0.7998666666666667,-0.597
75,2018-05-08,Bayer,665,-0.033481286012650546,0.18583582158052564,-0.17982,-0.026810000000000004,0.04215,0.6268625,-0.6254500000000001
76,2018-05-08,BMW,531,-0.014648890532986597,0.2430611558412676,-0.16677,0.0,0.101985,0.8383888888888891,-0.6270399999999999
77,2018-05-08,Telefonica,80,0.07123005158730157,0.17265447588321112,-0.0501375,0.0362,0.16582750000000002,0.53989,-0.2862
78,2018-05-08,Apple,1872,0.06599780514431537,0.2290258727159747,-0.033405000000000004,0.05785,0.21326,0.8555,-0.9966
79,2018-05-08,Tesla,223,0.08076113050750948,0.16919258519077854,-0.022189999999999988,0.07885000000000003,0.17925,0.6555300000000001,-0.49092
80,2018-05-09,Apple,1590,0.08620767325546562,0.21308477372937587,-0.0264375,0.08016999999999999,0.2278690476190476,0.7887,-0.9413
81,2018-05-09,BMW,560,-0.02226036522108841,0.1995100201596405,-0.14800000000000002,0.0,0.07065,0.743625,-0.65722
82,2018-05-09,Samsung,567,0.08590328119313567,0.20562961353314446,0.0,0.09804,0.22624444444444444,0.7044400000000001,-0.5594899999999999
83,2018-05-09,Airbus,1131,0.009096359100669443,0.18303331639648515,-0.07850499999999999,0.0,0.12930000000000005,0.7427,-0.5941000000000001
84,2018-05-09,Tesla,246,0.028967837624209587,0.2502553677750156,-0.1038475,0.08296,0.21763,0.5494600000000001,-0.56297
85,2018-05-09,Allianz,209,-0.17170459368117266,0.2654268462327551,-0.35894000000000004,-0.27578,0.0,0.6915399999999999,-0.6768000000000001
86,2018-05-09,Google,3276,0.1207380316685077,0.17796222122930702,0.0,0.09910499999999996,0.23978500000000005,0.93,-0.8986
87,2018-05-09,Telefonica,155,0.04801560855094728,0.17169678732276786,-0.053979999999999986,0.0468,0.15469500000000005,0.5588333333333333,-0.50564
88,2018-05-09,BASF,167,0.1640236645756107,0.2171398308108872,0.03715333333333333,0.18273,0.322475,0.65554,-0.2997
89,2018-05-09,Bayer,707,-0.040779399205226635,0.17200491294670792,-0.11988,-0.002870000000000006,0.024425,0.5529900000000001,-0.5994
90,2018-05-10,Google,2572,0.12862282557579838,0.18685988551007413,0.0,0.10574999999999997,0.2458375,0.9753,-0.6486
91,2018-05-10,BMW,371,0.015743478051598,0.2138728543255059,-0.097805,0.0,0.13903214285714285,0.744525,-0.63234
92,2018-05-10,Bayer,214,-0.010811593791722305,0.18532763184633705,-0.11692249999999994,0.0,0.06818833333333335,0.6254899999999999,-0.5509600000000001
93,2018-05-10,Telefonica,121,0.14262379279811108,0.20488624728128885,0.0,0.09878,0.33042000000000005,0.67933,-0.21124
94,2018-05-10,Allianz,150,-0.09713286507936517,0.2979168463161051,-0.3596400000000001,-0.187475,0.045225,0.69792,-0.49683
95,2018-05-10,Airbus,333,0.017033133371466714,0.16186721844430804,-0.0296,0.0,0.08442999999999999,0.4905800000000001,-0.6156
96,2018-05-10,Samsung,521,0.11998352108277735,0.17706455960484702,0.0,0.0908375,0.2355,0.7042,-0.46071999999999996
97,2018-05-10,Tesla,328,0.06584319214576073,0.2514792624006003,-0.1043375,0.096995,0.2601375,0.55615,-0.689625
98,2018-05-10,BASF,170,0.18888247058823532,0.1853239014636195,0.0504525,0.17343000000000006,0.2879025,0.9983,-0.28473000000000004
99,2018-05-10,Apple,1847,0.09033201287372944,0.2009368753771833,-0.008614999999999998,0.07636,0.22001,0.9753,-0.5859000000000001
100,2018-05-11,Bayer,803,-0.041648926100535666,0.185300118462696,-0.1431,-0.05574,0.031415,0.5671333333333334,-0.63012
101,2018-05-11,Google,2307,0.09994198496982944,0.177781585932991,0.0,0.08082500000000001,0.2159,0.8259,-0.7034
102,2018-05-11,BASF,133,0.1653756417830291,0.2153397265234047,0.004400000000000004,0.17515999999999998,0.27796000000000004,0.7008500000000002,-0.3861800000000001
103,2018-05-11,Allianz,103,-0.08537295423023578,0.25945573905994634,-0.30316,-0.05464,0.03506,0.6787599999999999,-0.4878
104,2018-05-11,Telefonica,60,0.031111695767195774,0.21249835870572728,-0.08997583333333334,0.038496666666666665,0.129495625,0.49155,-0.531
105,2018-05-11,Tesla,225,0.1082021814814815,0.1811182514350124,0.010920000000000004,0.13327,0.2209,0.48138000000000003,-0.4316125
106,2018-05-11,Airbus,389,-0.009966150589627451,0.17671326547585614,-0.059670000000000015,0.0,0.04983999999999999,0.5093444444444445,-0.64054
107,2018-05-11,Apple,1791,0.02725617257362653,0.23183287153012536,-0.07644000000000001,0.01779,0.18342,0.8272799999999999,-0.6523
108,2018-05-11,Samsung,369,0.07781347206091102,0.20061459868300602,0.0,0.068,0.20047,0.7325200000000001,-0.5806
109,2018-05-11,BMW,464,-0.01534070881226054,0.2373990497705793,-0.144325,0.0,0.13100250000000002,0.57902,-0.6127800000000001
110,2018-05-12,BASF,22,0.2027414141414141,0.2154190523415243,0.15435500000000002,0.19973,0.3368025,0.56675,-0.4129
111,2018-05-12,Allianz,39,-0.02831159544159547,0.33116586898995537,-0.3308800000000001,-0.024309999999999988,0.15604500000000002,0.6738599999999999,-0.6715555555555556
112,2018-05-12,Google,895,0.0851820902278974,0.19336985153738606,0.0,0.031000000000000007,0.20087500000000005,0.7029,-0.58285
113,2018-05-12,Apple,574,0.05557006512361038,0.20272693220398166,-0.023255,0.005713333333333335,0.17383749999999998,0.8296,-0.77378
114,2018-05-12,Bayer,920,-0.07582603817287788,0.20934561699218915,-0.20304000000000005,-0.05574,0.020455,0.9786,-0.64584
115,2018-05-12,Tesla,163,0.015248849936702696,0.20379160157097045,-0.15663,0.04575,0.17395,0.6183500000000001,-0.40179
116,2018-05-12,Telefonica,26,-0.028186228632478636,0.1616336867181462,-0.111,-0.013939999999999994,0.0598375,0.2573125,-0.4768
117,2018-05-12,Airbus,39,0.0011217602767602745,0.1532499039376106,-0.0650513888888889,0.0,0.043120000000000006,0.32632999999999995,-0.47961
118,2018-05-12,Samsung,187,0.07383590145148969,0.18656478485334976,0.0,0.032490000000000005,0.190925,0.80271,-0.41777
119,2018-05-12,BMW,97,-0.020011889216167568,0.1789284257785447,-0.037070000000000033,0.0,0.031389999999999994,0.5568,-0.5775600000000001
120,2018-05-13,Telefonica,27,-0.06038068783068784,0.19258720801087065,-0.21570500000000006,-0.03251999999999998,0.017,0.33999,-0.5027400000000001
121,2018-05-13,Allianz,114,-0.3022517669172931,0.2225399698185747,-0.42688000000000004,-0.38651,-0.247665,0.50989,-0.6014
122,2018-05-13,BASF,12,0.1680723148148148,0.172156936812268,-0.0032,0.150705,0.2952400000000001,0.48573,-0.05574
123,2018-05-13,BMW,96,-0.041442895998677294,0.2066142138690887,-0.20759750000000005,0.0,0.0559125,0.55167,-0.4952333333333334
124,2018-05-13,Apple,449,0.09671725969526636,0.19698380410699493,0.0,0.05106000000000002,0.22544,0.8444499999999999,-0.6304700000000001
125,2018-05-13,Samsung,108,0.061793128674309236,0.14847178498847968,0.0,0.03010611111111111,0.15862,0.54423,-0.35434
126,2018-05-13,Airbus,102,0.048411862745098025,0.13626528998579085,0.0,0.0,0.09570749999999996,0.3577,-0.4607200000000001
127,2018-05-13,Bayer,372,-0.08193382179126131,0.21110874802779428,-0.20304000000000005,-0.05116,0.0011825000000000045,0.5533600000000001,-0.66376
128,2018-05-13,Google,1003,0.08113840862333603,0.18391285964315865,-0.011325000000000005,0.0204,0.18825,0.7417666666666666,-0.6304700000000001
129,2018-05-13,Tesla,172,-0.08397541066814328,0.2301050589982624,-0.31774,-0.20324,0.1210975,0.5302600000000001,-0.43632
130,2018-05-14,Tesla,443,0.06095740083843922,0.20631628566051075,-0.0922857142857143,0.11196000000000003,0.1992175,0.5934900000000001,-0.60645
131,2018-05-14,Apple,1676,0.04616856581713828,0.21860726790274185,-0.061835,0.023145,0.1864075000000001,0.6795249999999999,-0.9559
132,2018-05-14,Samsung,532,0.09966609746091412,0.1951313724309308,-0.004527499999999995,0.06551833333333333,0.2292675,0.8244900000000002,-0.4630300000000001
133,2018-05-14,Google,1932,0.0996802485704425,0.17886317279811992,0.0,0.06791166666666666,0.200915,0.9513200000000002,-0.5602600000000001
134,2018-05-14,Telefonica,110,0.15937135930735927,0.2394601997616721,0.0,0.068,0.43138,0.5859,-0.38798
135,2018-05-14,Bayer,670,-0.01816697826344467,0.1952760676129014,-0.11988,0.0,0.0758975,0.7395999999999999,-0.61552
136,2018-05-14,Airbus,544,-0.04809992924253032,0.2219112314637325,-0.17982,0.0,0.004410357142857142,0.7636,-0.9849
137,2018-05-14,BASF,119,0.1578753691476591,0.26192030593797944,0.0872,0.20736,0.310995,0.86175,-0.5517299999999999
138,2018-05-14,BMW,441,0.024357670158010315,0.2103939779739568,-0.059940000000000014,0.0,0.12996000000000002,0.9353,-0.5300199999999999
139,2018-05-14,Allianz,112,-0.14476386904761915,0.2917485283368151,-0.3505875,-0.190245,0.017912499999999998,0.58907,-0.7542
140,2018-05-15,Google,2192,0.09334926440664462,0.20135737157366893,-0.0128,0.05106000000000002,0.21784250000000002,0.8934,-0.6292800000000001
141,2018-05-15,Samsung,720,0.1633071030643734,0.2506724745976049,0.0,0.12913,0.311885,0.7311200000000001,-0.7497
142,2018-05-15,Telefonica,209,-0.013101201678438534,0.2468649298306364,-0.20033,-0.038566666666666666,0.15431666666666666,0.51274,-0.5724
143,2018-05-15,BASF,168,0.2618946130952379,0.21547035337525608,0.1968869444444444,0.26341,0.4126499999999999,0.8223,-0.60326
144,2018-05-15,Airbus,948,-0.1400546332713816,0.2730618429630155,-0.30378000000000005,-0.059940000000000014,0.0,0.6416875,-0.80976
145,2018-05-15,Tesla,455,0.013880359410430792,0.2257041291566515,-0.10305999999999998,0.044755555555555576,0.15287166666666668,0.61231,-0.6477333333333334
146,2018-05-15,Apple,1585,0.09385082028942006,0.2321046239658843,-0.015080000000000003,0.06611,0.23217,0.8555,-0.8345
147,2018-05-15,Allianz,341,-0.16845312467997975,0.2481807228782989,-0.32516,-0.2568857142857143,0.0,0.71148,-0.69228
148,2018-05-15,BMW,447,-0.015011230336280684,0.19327014371698945,-0.1356,0.0,0.08393833333333334,0.659425,-0.5724
149,2018-05-15,Bayer,937,-0.047469493401771805,0.1899499239404573,-0.1646375,-0.013590000000000001,0.0524,0.6891700000000001,-0.6940000000000001
150,2018-05-16,Bayer,738,-0.06289040295521983,0.19248728281657893,-0.17982,-0.059940000000000014,0.02707,0.8271,-0.6023000000000001
151,2018-05-16,Tesla,288,0.07943470885692236,0.2270367479880188,-0.01833000000000001,0.078295,0.21874999999999994,0.6642399999999999,-0.8142
152,2018-05-16,Google,1970,0.11689903126258955,0.1981723702377296,0.0,0.0926563492063492,0.2340125,0.9663,-0.6135700000000001
153,2018-05-16,Allianz,171,-0.10165388262322472,0.3028095354103641,-0.3091200000000001,-0.17982,0.17263,0.5719,-0.6589800000000001
154,2018-05-16,BASF,153,0.1646899852163086,0.2415162966667257,0.10405000000000003,0.20271,0.31404,0.66951,-0.6589800000000001
155,2018-05-16,Samsung,613,0.0944393378259406,0.21648901535665732,-0.00958,0.07536000000000001,0.23533,0.8490699999999999,-0.53627
156,2018-05-16,Airbus,391,-0.056650120265497525,0.21249855070942392,-0.17982,0.0,0.03524888888888888,0.7369600000000001,-0.7931666666666667
157,2018-05-16,Telefonica,146,-0.08205487606001308,0.3517683480088437,-0.3894450000000001,-0.007134999999999994,0.221675,0.6220899999999999,-0.69228
158,2018-05-16,Apple,1321,0.10185055131994786,0.20567949938280994,-0.005809999999999993,0.08674,0.22878,0.86055,-0.6589800000000001
159,2018-05-16,BMW,345,-0.004994850816655163,0.20510807417003132,-0.09151000000000001,0.0,0.07727999999999999,0.6960571428571428,-0.63784
160,2018-05-17,Apple,1556,0.08628056919961627,0.2045695404548324,-0.013027500000000006,0.06116500000000001,0.2242,0.7184,-0.7506
161,2018-05-17,BMW,530,-0.033758552785265086,0.23168551699977905,-0.23264,0.0,0.116405,0.7479333333333332,-0.57535
162,2018-05-17,Google,2369,0.0976578686841278,0.1846506050078725,0.0,0.06061000000000001,0.21566,0.8225,-0.8069000000000001
163,2018-05-17,BASF,247,0.05003682507550924,0.28201673648958936,-0.08879999999999999,0.13857,0.2271975,0.73505,-0.7542
164,2018-05-17,Bayer,1093,-0.03397677667407318,0.21887491108474952,-0.1848,0.0,0.0555,0.6260800000000001,-0.63758
165,2018-05-17,Tesla,297,0.06569217732884397,0.23196020333177586,-0.08783333333333332,0.05566000000000002,0.19735999999999998,0.7479333333333332,-0.6405
166,2018-05-17,Airbus,261,-0.002623781244298471,0.26297752878194913,-0.17982,0.0,0.16296,0.60542,-0.54918
167,2018-05-17,Allianz,195,-0.0486400183150183,0.2819497353187069,-0.290885,-0.06882,0.12741,0.5657400000000001,-0.5809200000000001
168,2018-05-17,Telefonica,115,0.08812112318840576,0.22650721879415475,-0.02013,0.07377000000000003,0.23516666666666666,0.6220899999999999,-0.56565
169,2018-05-17,Samsung,634,0.09699782528416202,0.20689692233270746,0.0,0.07874,0.23328,0.6369,-0.8941
170,2018-05-18,Tesla,258,0.03537694182970347,0.19653097251732485,-0.06957,0.009924999999999993,0.17444749999999998,0.53136,-0.56097
171,2018-05-18,Google,1764,0.08891289349602254,0.1973457734125798,-0.025,0.047915,0.21218,0.9545,-0.73865
172,2018-05-18,Airbus,241,-0.010900204175722857,0.18389994533939635,-0.13394,0.0,0.068,0.4817,-0.6574500000000001
173,2018-05-18,Allianz,166,-0.1074592450755402,0.231681863220271,-0.26285,-0.16897666666666664,0.023949166666666667,0.62856,-0.6116
174,2018-05-18,Bayer,833,-0.05852731873701874,0.20241630377514566,-0.17982,-0.058599999999999985,0.0,0.7003,-0.6940000000000001
175,2018-05-18,Apple,1343,0.07701177693862354,0.20767035603552245,-0.01863999999999999,0.04558,0.20476500000000009,0.9723,-0.6156
176,2018-05-18,Telefonica,122,-0.02300923887587826,0.2635980153706313,-0.2833175,0.002200000000000002,0.19925250000000005,0.58465,-0.4865200000000001
177,2018-05-18,BMW,535,-0.07017083859961429,0.22353696471467768,-0.2397600000000001,-0.009369999999999998,0.049361666666666665,0.6369,-0.6889000000000001
178,2018-05-18,BASF,176,0.1413954450757576,0.2396121521568001,0.0,0.18019,0.29381,0.6748666666666666,-0.52415
179,2018-05-18,Samsung,553,0.10665876474640493,0.20337060715378666,0.0,0.08886666666666666,0.24844,0.69685,-0.54918
180,2018-05-19,Samsung,246,0.07365222754548978,0.18809636909678884,0.0,0.05217,0.19470250000000008,0.63266,-0.6166
181,2018-05-19,Bayer,1110,-0.08464451748176759,0.17910476418251406,-0.2138150000000001,-0.06370999999999999,0.0,0.52265,-0.5259600000000001
182,2018-05-19,Apple,566,0.09635033078131132,0.2187960694490257,0.0,0.06585,0.23228000000000001,0.9831,-0.5597749999999999
183,2018-05-19,Google,549,0.0924067134327927,0.1881667253939291,0.0,0.050570000000000025,0.22011000000000008,0.7097,-0.5992333333333333
184,2018-05-19,Telefonica,24,-0.011708273809523807,0.17507016450027305,-0.1228,0.0,0.06202333333333334,0.37976,-0.34614
185,2018-05-19,Tesla,103,0.06652372861766065,0.1876336203224004,-0.040129999999999985,0.061570000000000014,0.16560999999999998,0.5471900000000001,-0.46494
186,2018-05-19,Allianz,47,0.052916945288753806,0.2507472689708369,0.0,0.03612,0.1619,0.54707,-0.64556
187,2018-05-19,Airbus,107,-0.07350834890965731,0.20565002042635327,-0.224795,0.0,0.0,0.42582,-0.5341600000000001
188,2018-05-19,BASF,36,0.05011916666666664,0.2185788013754177,-0.100225,0.0,0.1534325,0.67065,-0.44294
189,2018-05-19,BMW,232,-0.03340304392446634,0.2214443698165749,-0.17982,0.0,0.0772575,0.53652,-0.63234
190,2018-05-20,Airbus,53,-0.002011913746630723,0.14731295661233204,-0.0128,0.0,0.03849999999999999,0.30496999999999996,-0.41428000000000004
191,2018-05-20,Telefonica,28,0.0013841567460317475,0.18392609022222656,-0.08620499999999999,-0.030499999999999992,0.10245937500000002,0.3529699999999999,-0.50564
192,2018-05-20,BMW,13,0.009506923076923073,0.21577666093998726,-0.03021,0.0,0.12668,0.44138,-0.4054200000000001
193,2018-05-20,Bayer,799,-0.10841878518783413,0.2264078352852197,-0.27118000000000003,-0.0932,0.012725,0.6137100000000001,-0.64874
194,2018-05-20,Tesla,59,0.15379319209039544,0.14791373946279188,0.075955,0.12869000000000005,0.222105,0.5630099999999999,-0.33852999999999994
195,2018-05-20,Apple,439,0.08794616399103297,0.22161458362592,-0.005584999999999999,0.04215,0.24491,0.7579,-0.66035
196,2018-05-20,BASF,14,0.044037857142857136,0.284335428734297,-0.056040000000000006,0.04082,0.255095,0.4386500000000001,-0.6270399999999999
197,2018-05-20,Samsung,118,0.07538937214151199,0.1538521286811621,0.0,0.016765000000000002,0.1619425,0.5549428571428571,-0.2806
198,2018-05-20,Google,612,0.08346386781564484,0.1811391818118284,0.0,0.04404,0.1682375,0.9555666666666666,-0.5479
199,2018-05-20,Allianz,35,0.06728742857142855,0.25074227124729503,-0.07625,0.05267,0.240685,0.57338,-0.5288600000000001
